DJ2029-G8S0000908,01TMB08S10002AF8S7100007,EBUS 283,7878.20703125,946.9620361328125
DJ2029-G8S0000909,01TMB08S10002AF8S7100009,EBUS 283,8830.84765625,946.968017578125
DJ2029-G8T0000910,01TMB08S10002AF8T7100002,EBUS 283,7991.40869140625,946.9620361328125
DJ2029-G8T0000910,01TMB08S10002AF8T7100003,EBUS 283,7116.25634765625,946.9660034179688
DJ2029-G8T0000911,01TMB08S10002AF8T7100009,EBUS 283,7415.39208984375,946.968017578125
DJ2029-G8V0000913,01TMB08S10002AF8T7100030,EBUS 283,7371.25537109375,946.9639892578125
DJ2029-G8V0000913,01TMB08S10002AF8T7100032,EBUS 283,7168.56787109375,946.9660034179688
DJ2029-G8W0000914,01TMB08S10002AF8W7100005,EBUS 283,8470.791015625,946.9660034179688
DJ2029-G8W0000914,01TMB08S10002AF8W7100006,EBUS 283,7400.099609375,946.9639892578125
DJ2029-G8W0000915,01TMB08S10002AF8W7100009,EBUS 283,8258.716796875,946.9660034179688
DJ2029-G8W0000916,01TMB08S10002AF8W7100024,EBUS 283,7984.4775390625,946.9660034179688
DJ2029-G8Y0000922,01TMB08S10002AF8Y7100017,EBUS 283,7998.744140625,946.9660034179688
DJ2029-G8Y0000922,01TMB08S10002AF8Y7100020,EBUS 283,8642.955078125,946.969970703125
DJ2029-G8Y0000922,01TMB08S10002AF8Y7100024,EBUS 283,7663.7392578125,946.9639892578125
DJ2029-G910000927,01TMB08S10002AF807100030,EBUS 283,8422.986328125,946.9660034179688
DJ2029-G910000928,01TMB08S10002AF917100001,EBUS 283,7236.79345703125,946.9639892578125
DJ2029-G910000928,01TMB08S10002AF917100004,EBUS 283,8438.6826171875,946.9660034179688
DJ2029-G910000931,01TMB08S10002AF917100028,EBUS 283,7585.31884765625,946.9639892578125
DJ2029-G910000931,01TMB08S10002AF917100031,EBUS 283,8297.505859375,946.9660034179688
DJ2029-G910000931,01TMB08S10002AF917100032,EBUS 283,8974.6650390625,946.9959716796875
DJ2029-G910000932,01TMB08S10002AF917100035,EBUS 283,8225.302734375,946.968017578125
DJ2029-G920000933,01TMB08S10002AF927100001,EBUS 283,7267.72021484375,946.969970703125
DJ2029-G920000933,01TMB08S10002AF927100003,EBUS 283,8942.587890625,946.968017578125
DJ2029-G920000934,01TMB08S10002AF927100014,EBUS 283,8508.400390625,946.968017578125
DJ2029-G920000936,01TMB08S10002AF927100027,EBUS 283,7859.2158203125,946.9639892578125
DJ2029-G920000936,01TMB08S10002AF927100032,EBUS 283,7310.70703125,946.9660034179688
DJ2029-G930000938,01TMB08S10002AF927100046,EBUS 283,7716.8896484375,946.9639892578125
DJ2029-G930000939,01TMB08S10002AF937100006,EBUS 283,8010.337890625,946.968017578125
DJ2029-G930000942,01TMB08S10002AF937100025,EBUS 283,8397.96484375,946.9719848632812
DJ2029-G930000942,01TMB08S10002AF937100027,EBUS 283,6407.17626953125,946.9660034179688
DJ2029-G930000942,01TMB08S10002AF937100029,EBUS 283,8442.97265625,946.9739990234375
DJ2029-G940000943,01TMB08S10002AF937100033,EBUS 283,7613.54150390625,946.968017578125
DJ2029-G940000943,01TMB08S10002AF937100035,EBUS 283,8228.5361328125,946.968017578125
DJ2029-G940000943,01TMB08S10002AF937100039,EBUS 283,8506.8154296875,946.9660034179688
DJ2029-G940000944,01TMB08S10002AF937100042,EBUS 283,8316.99609375,946.9660034179688
DJ2029-G940000944,01TMB08S10002AF937100044,EBUS 283,8734.087890625,946.9639892578125
DJ2029-G940000945,01TMB08S10002AF947100001,EBUS 283,6444.10205078125,946.9639892578125
DJ2029-G940000945,01TMB08S10002AF947100004,EBUS 283,8801.7236328125,946.9639892578125
DJ2029-G940000945,01TMB08S10002AF947100006,EBUS 283,7491.41943359375,946.968017578125
DJ2029-G940000945,01TMB08S10002AF947100008,EBUS 283,8489.9365234375,946.9660034179688
DJ2029-G940000946,01TMB08S10002AF947100010,EBUS 283,7994.01953125,946.968017578125
DJ2029-G940000946,01TMB08S10002AF947100013,EBUS 283,9047.3974609375,946.97998046875
DJ2029-G940000947,01TMB08S10002AF947100021,EBUS 283,7845.88134765625,946.968017578125
DJ2029-G940000947,01TMB08S10002AF947100023,EBUS 283,7696.3759765625,946.9639892578125
DJ2029-G940000948,01TMB08S10002AF947100025,EBUS 283,7095.4931640625,946.9660034179688
DJ2029-G940000948,01TMB08S10002AF947100027,EBUS 283,7644.12646484375,946.9660034179688
DJ2029-G940000948,01TMB08S10002AF947100029,EBUS 283,6814.447265625,946.9639892578125
DJ2029-G950000953,01TMB08S10002AF957100029,EBUS 283,7950.56689453125,946.9660034179688
DJ2029-G950000953,01TMB08S10002AF957100032,EBUS 283,8470.29296875,946.9660034179688
DJ2029-G950000954,01TMB08S10002AF957100034,EBUS 283,7595.07861328125,946.968017578125
DJ2029-G950000954,01TMB08S10002AF957100036,EBUS 283,8189.40234375,946.9660034179688
DJ2029-G950000954,01TMB08S10002AF957100038,EBUS 283,7086.5107421875,946.968017578125
DJ2029-G950000954,01TMB08S10002AF957100040,EBUS 283,7944.13232421875,946.968017578125
DJ2029-G960000955,01TMB08S10002AF957100041,EBUS 283,7408.46044921875,946.9660034179688
DJ2029-G960000955,01TMB08S10002AF957100044,EBUS 283,8342.296875,946.968017578125
DJ2029-G960000955,01TMB08S10002AF957100045,EBUS 283,7549.88525390625,946.9660034179688
DJ2029-G960000955,01TMB08S10002AF957100047,EBUS 283,7446.412109375,947
DJ2029-G960000956,01TMB08S10002AF957100049,EBUS 283,8547.6572265625,946.968017578125
DJ2029-G960000956,01TMB08S10002AF957100052,EBUS 283,8021.83837890625,946.9639892578125
DJ2029-G960000957,01TMB08S10002AF967100003,EBUS 283,8074.14990234375,946.9639892578125
DJ2029-G960000957,01TMB08S10002AF967100006,EBUS 283,8121.6123046875,946.9660034179688
DJ2029-G960000957,01TMB08S10002AF967100008,EBUS 283,7733.02197265625,946.9660034179688
DJ2029-G960000958,01TMB08S10002AF967100010,EBUS 283,7005.3857421875,946.9660034179688
DJ2029-G960000958,01TMB08S10002AF967100012,EBUS 283,6720.89013671875,946.9660034179688
DJ2029-G960000958,01TMB08S10002AF967100014,EBUS 283,7414.7705078125,946.968017578125
DJ2029-G960000958,01TMB08S10002AF967100015,EBUS 283,8115.86181640625,946.9660034179688
DJ2029-G960000959,01TMB08S10002AF967100017,EBUS 283,7775.38671875,946.9660034179688
DJ2029-G960000962,01TMB08S10002AF967100044,EBUS 283,6732.8876953125,946.968017578125
DJ2029-G960000962,01TMB08S10002AF967100046,EBUS 283,7567.75732421875,946.968017578125
DJ2029-G970000963,01TMB08S10002AF977100002,EBUS 283,8468.6142578125,946.9660034179688
DJ2029-G970000964,01TMB08S10002AF977100015,EBUS 283,8327.2216796875,946.97998046875
DJ2029-G970000968,01TMB08S10002AF977100042,EBUS 283,7962.16015625,946.968017578125
DJ2029-G970000968,01TMB08S10002AF977100045,EBUS 283,8405.8603515625,946.9660034179688
DJ2029-G970000968,01TMB08S10002AF977100047,EBUS 283,8593.6279296875,946.9660034179688
DJ2029-G980000969,01TMB08S10002AF977100049,EBUS 283,8743.1025390625,946.969970703125
DJ2029-G980000969,01TMB08S10002AF977100051,EBUS 283,8487.4501953125,946.9660034179688
DJ2029-G980000969,01TMB08S10002AF977100053,EBUS 283,8700.146484375,946.9940185546875
DJ2029-G980000969,01TMB08S10002AF977100055,EBUS 283,8613.5205078125,946.9639892578125
DJ2029-G980000970,01TMB08S10002AF977100057,EBUS 283,8621.0419921875,946.9639892578125
DJ2029-G980000970,01TMB08S10002AF977100059,EBUS 283,8689.515625,946.9639892578125
DJ2029-G980000970,01TMB08S10002AF977100061,EBUS 283,8936.7451171875,946.9639892578125
DJ2029-G980000970,01TMB08S10002AF977100063,EBUS 283,8137.68212890625,946.968017578125
DJ2029-G980000972,01TMB08S10002AF987100016,EBUS 283,8379.75,946.9719848632812
DJ2029-G980000972,01TMB08S10002AF987100015,EBUS 283,8418.35546875,946.968017578125
DJ2029-G980000973,01TMB08S10002AF987100019,EBUS 283,7844.63818359375,946.9760131835938
DJ2029-G980000973,01TMB08S10002AF987100023,EBUS 283,7743.58984375,946.9660034179688
DJ2029-G980000974,01TMB08S10002AF987100030,EBUS 283,8802.1279296875,946.9639892578125
DJ2029-G980000974,01TMB08S10002AF987100032,EBUS 283,8438.3720703125,946.9660034179688
DJ2029-G990000975,01TMB08S10002AF997100002,EBUS 283,7189.14404296875,946.9639892578125
DJ2029-G990000975,01TMB08S10002AF997100004,EBUS 283,8518.6884765625,946.9639892578125
DJ2029-G990000975,01TMB08S10002AF997100008,EBUS 283,5915.70361328125,946.969970703125
DJ2029-G990000976,01TMB08S10002AF997100010,EBUS 283,7524.18017578125,946.9639892578125
DJ2029-G990000976,01TMB08S10002AF997100012,EBUS 283,8274.9716796875,946.968017578125
DJ2029-G990000976,01TMB08S10002AF997100015,EBUS 283,7934.62109375,946.9639892578125
DJ2029-G9A0000977,01TMB08S10002AF997100019,EBUS 283,8270.6826171875,946.9639892578125
DJ2029-G9A0000977,01TMB08S10002AF997100021,EBUS 283,8535.720703125,946.968017578125
DJ2029-G9A0000977,01TMB08S10002AF997100023,EBUS 283,8530.904296875,946.9660034179688
DJ2029-G9A0000978,01TMB08S10002AF997100025,EBUS 283,8598.5078125,946.9639892578125
DJ2029-G9A0000978,01TMB08S10002AF997100027,EBUS 283,8105.69873046875,946.968017578125
DJ2029-G9A0000978,01TMB08S10002AF997100029,EBUS 283,8652.435546875,946.9660034179688
DJ2029-G9A0000981,01TMB08S10002AF9A7100015,EBUS 283,8820.49609375,946.968017578125
DJ2029-G9A0000982,01TMB08S10002AF9A7100018,EBUS 283,7594.39453125,946.968017578125
DJ2029-G9A0000982,01TMB08S10002AF9A7100020,EBUS 283,7700.13671875,946.9660034179688
DJ2029-G9A0000982,01TMB08S10002AF9A7100022,EBUS 283,6946.67138671875,946.969970703125
DJ2029-G9A0000982,01TMB08S10002AF9A7100024,EBUS 283,7602.5693359375,946.9639892578125
DJ2029-G9A0000983,01TMB08S10002AF9A7100026,EBUS 283,7703.99072265625,946.9639892578125
DJ2029-G9A0000983,01TMB08S10002AF9A7100030,EBUS 283,7801.02978515625,946.9620361328125
DJ2029-G9B0000988,01TMB08S10002AF9B7100022,EBUS 283,8557.13671875,946.9660034179688
DJ2029-G9B0000989,01TMB08S10002AF9B7100025,EBUS 283,8446.2041015625,946.968017578125
DJ2029-G9B0000989,01TMB08S10002AF9B7100027,EBUS 283,8280.1005859375,946.9660034179688
DJ2029-G9B0000989,01TMB08S10002AF9B7100029,EBUS 283,7301.87939453125,946.9639892578125
DJ2029-G9B0000989,01TMB08S10002AF9B7100031,EBUS 283,7386.5166015625,946.9639892578125
DJ2029-G9B0000990,01TMB08S10002AF9B7100033,EBUS 283,8608.3916015625,946.9760131835938
DJ2029-G9B0000990,01TMB08S10002AF9B7100035,EBUS 283,8042.4462890625,946.9660034179688
DJ2029-G9B0000990,01TMB08S10002AF9B7100037,EBUS 283,7071.34228515625,946.9639892578125
DJ2029-G9B0000990,01TMB08S10002AF9B7100039,EBUS 283,7856.2314453125,946.9660034179688
DJ2029-G9B0000992,01TMB08S10002AF9B7100041,EBUS 283,8353.9833984375,946.9819946289062
DJ2029-G9C0000996,01TMB08S10002AF9C7100009,EBUS 283,8722.587890625,946.968017578125
DJ2029-G9C0000996,01TMB08S10002AF9C7100011,EBUS 283,8457.642578125,946.9859619140625
DJ2029-G9C0000996,01TMB08S10002AF9C7100013,EBUS 283,8454.37890625,946.9639892578125
DJ2029-G9C0000996,01TMB08S10002AF9C7100015,EBUS 283,8070.6376953125,946.9639892578125
DJ2029-G9C0000997,01TMB08S10002AF9C7100021,EBUS 283,8523.1953125,946.9660034179688
DJ2029-G9C0000997,01TMB08S10002AF9C7100023,EBUS 283,7899.65380859375,946.968017578125
DJ2029-G9D0000998,01TMB08S10002AF9C7100025,EBUS 283,7736.5029296875,946.9660034179688
DJ2029-G9D0001003,01TMB08S10002AF9D7100038,EBUS 283,7785.55078125,946.9660034179688
DJ2029-G9D0001004,01TMB08S10002AF9D7100042,EBUS 283,6121.4375,946.9660034179688
DJ2029-G9D0001004,01TMB08S10002AF9D7100047,EBUS 283,7506.33837890625,946.9639892578125
DJ2029-G9D0001004,01TMB08S10002AF9D7100048,EBUS 283,7635.92041015625,946.9639892578125
DJ2029-G9E0001005,01TMB08S10002AF9D7100050,EBUS 283,9010.8134765625,946.968017578125
DJ2029-G9E0001005,01TMB08S10002AF9D7100053,EBUS 283,8078.1591796875,946.968017578125
DJ2029-G9E0001005,01TMB08S10002AF9D7100055,EBUS 283,8065.4775390625,946.968017578125
DJ2029-G9E0001006,01TMB08S10002AF9D7100062,EBUS 283,8402.3779296875,946.9840087890625
DJ2029-G9E0001006,01TMB08S10002AF9D7100063,EBUS 283,9053.6767578125,946.9859619140625
DJ2029-G9H0001020,01TMB08S10002AF9H7100012,EBUS 283,8445.76953125,946.968017578125
DJ2029-G9H0001020,01TMB08S10002AF9H7100016,EBUS 283,7050.39306640625,946.968017578125
DJ2029-G9H0001021,01TMB08S10002AF9H7100018,EBUS 283,7926.97509765625,946.968017578125
DJ2029-G9H0001021,01TMB08S10002AF9H7100021,EBUS 283,8412.013671875,946.968017578125
DJ2029-G9J0001026,01TMB08S10002AF9J7100017,EBUS 283,11386.8046875,946.9660034179688
DJ2029-G9J0001026,01TMB08S10002AF9J7100019,EBUS 283,10372.994140625,946.9660034179688
DJ2029-G9J0001027,01TMB08S10002AF9J7100025,EBUS 283,7192.5947265625,946.9660034179688
DJ2029-G9J0001028,01TMB08S10002AF9J7100038,EBUS 283,7699.794921875,946.9660034179688
DJ2029-G9K0001030,01TMB08S10002AF9J7100051,EBUS 283,8584.4267578125,946.9639892578125
DJ2029-G9K0001030,01TMB08S10002AF9J7100053,EBUS 283,8260.2705078125,946.9819946289062
DJ2029-G9K0001030,01TMB08S10002AF9J7100054,EBUS 283,7719.00390625,946.968017578125
DJ2029-G9K0001030,01TMB08S10002AF9J7100056,EBUS 283,10981.4287109375,946.9639892578125
DJ2029-G9K0001031,01TMB08S10002AF9K7100005,EBUS 283,10444.98046875,946.9639892578125
DJ2029-G9K0001031,01TMB08S10002AF9K7100007,EBUS 283,9186.8642578125,946.9660034179688
DJ2029-G9K0001032,01TMB08S10002AF9K7100011,EBUS 283,10571.9521484375,946.9639892578125
DJ2029-G9K0001032,01TMB08S10002AF9K7100013,EBUS 283,9944.2763671875,946.9639892578125
DJ2029-G9K0001032,01TMB08S10002AF9K7100014,EBUS 283,9853.0810546875,946.968017578125
DJ2029-G9L0001035,01TMB08S10002AF9K7100039,EBUS 283,10847.681640625,946.968017578125
DJ2029-G9L0001036,01TMB08S10002AF9L7100001,EBUS 283,10378.1220703125,946.9639892578125
DJ2029-G9L0001036,01TMB08S10002AF9L7100003,EBUS 283,9626.2109375,946.9660034179688
DJ2029-G9L0001036,01TMB08S10002AF9L7100005,EBUS 283,10412.6240234375,946.9639892578125
DJ2029-G9L0001036,01TMB08S10002AF9L7100007,EBUS 283,10929.056640625,946.968017578125
DJ2029-G9L0001037,01TMB08S10002AF9L7100010,EBUS 283,10928.216796875,946.9920043945312
DJ2029-G9L0001037,01TMB08S10002AF9L7100012,EBUS 283,12085.5029296875,946.968017578125
DJ2029-G9L0001037,01TMB08S10002AF9L7100014,EBUS 283,10564.2431640625,946.968017578125
DJ2029-G9L0001038,01TMB08S10002AF9L7100017,EBUS 283,10147.865234375,946.9639892578125
DJ2029-G9L0001038,01TMB08S10002AF9L7100020,EBUS 283,9830.080078125,946.9639892578125
DJ2029-G9M0001041,01TMB08S10002AF9L7100047,EBUS 283,11753.73046875,946.9660034179688
DJ2029-G9M0001042,01TMB08S10002AF9M7100001,EBUS 283,9183.724609375,946.9639892578125
DJ2029-G9M0001043,01TMB08S10002AF9M7100009,EBUS 283,11038.52734375,946.9819946289062
DJ2029-G9M0001043,01TMB08S10002AF9M7100011,EBUS 283,10056.0166015625,946.968017578125
DJ2029-G9M0001044,01TMB08S10002AF9M7100017,EBUS 283,10418.125,946.9639892578125
DJ2029-G9N0001047,01TMB08S10002AF9M7100042,EBUS 283,11709.966796875,946.9639892578125
DJ2029-G9N0001048,01TMB08S10002AF9N7100013,EBUS 283,9747.8359375,946.9660034179688
DJ2029-G9N0001048,01TMB08S10002AF9N7100017,EBUS 283,10368.9541015625,946.9660034179688
DJ2029-G9N0001048,01TMB08S10002AF9N7100019,EBUS 283,10712.6611328125,946.9660034179688
DJ2029-G9P0001049,01TMB08S10002AF9N7100021,EBUS 283,10671.6630859375,946.968017578125
DJ2029-G9P0001049,01TMB08S10002AF9N7100024,EBUS 283,11472.4677734375,946.968017578125
DJ2029-G9P0001049,01TMB08S10002AF9N7100026,EBUS 283,9824.4228515625,946.969970703125
DJ2029-G9P0001049,01TMB08S10002AF9N7100025,EBUS 283,11081.171875,946.9660034179688
DJ2029-G9P0001050,01TMB08S10002AF9N7100030,EBUS 283,10251.9599609375,946.9660034179688
DJ2029-G9P0001050,01TMB08S10002AF9N7100032,EBUS 283,9721.4482421875,946.9660034179688
DJ2029-G9P0001050,01TMB08S10002AF9N7100034,EBUS 283,10527.814453125,946.9660034179688
DJ2029-G9P0001050,01TMB08S10002AF9N7100036,EBUS 283,11600.4638671875,946.968017578125
DJ2029-G9P0001051,01TMB08S10002AF9P7100001,EBUS 283,11070.044921875,946.9660034179688
DJ2029-G9P0001051,01TMB08S10002AF9P7100005,EBUS 283,11278.6689453125,946.9660034179688
DJ2029-G9P0001052,01TMB08S10002AF9P7100009,EBUS 283,9646.974609375,946.9660034179688
DJ2029-G9P0001052,01TMB08S10002AF9P7100014,EBUS 283,8023.45458984375,946.968017578125
DJ2029-G9P0001052,01TMB08S10002AF9P7100015,EBUS 283,11048.9091796875,946.9660034179688
DJ2029-G9P0001053,01TMB08S10002AF9P7100017,EBUS 283,8963.0400390625,946.9660034179688
DJ2029-G9P0001053,01TMB08S10002AF9P7100020,EBUS 283,9860.572265625,946.9639892578125
DJ2029-G9P0001053,01TMB08S10002AF9P7100022,EBUS 283,10737.931640625,946.9979858398438
DJ2029-G9P0001053,01TMB08S10002AF9P7100024,EBUS 283,10836.6171875,946.9660034179688
DJ2029-G9R0001054,01TMB08S10002AF9P7100026,EBUS 283,11053.04296875,946.9660034179688
DJ2029-G9R0001054,01TMB08S10002AF9P7100029,EBUS 283,10852.8427734375,946.9660034179688
DJ2029-G9R0001054,01TMB08S10002AF9P7100031,EBUS 283,10375.38671875,946.9660034179688
DJ2029-G9R0001055,01TMB08S10002AF9P7100033,EBUS 283,11286.9677734375,946.9660034179688
DJ2029-G9R0001055,01TMB08S10002AF9P7100035,EBUS 283,11228.4716796875,946.9660034179688
DJ2029-G9R0001055,01TMB08S10002AF9P7100037,EBUS 283,10449.39453125,946.9639892578125
DJ2029-G9R0001055,01TMB08S10002AF9P7100039,EBUS 283,11227.0107421875,946.9719848632812
DJ2029-G9R0001056,01TMB08S10002AF9P7100041,EBUS 283,10695.3486328125,946.9620361328125
DJ2029-G9R0001057,01TMB08S10002AF9R7100007,EBUS 283,11426.6826171875,946.9660034179688
DJ2029-G9R0001058,01TMB08S10002AF9R7100011,EBUS 283,9868.3740234375,946.9660034179688
DJ2029-G9R0001058,01TMB08S10002AF9R7100012,EBUS 283,11177.931640625,946.9660034179688
DJ2029-G9R0001058,01TMB08S10002AF9R7100014,EBUS 283,10107.9560546875,946.9620361328125
DJ2029-G9R0001058,01TMB08S10002AF9R7100016,EBUS 283,9558.98046875,946.9660034179688
DJ2029-G9R0001059,01TMB08S10002AF9R7100018,EBUS 283,11681.40234375,946.9739990234375
DJ2029-G9R0001059,01TMB08S10002AF9R7100021,EBUS 283,11106.1318359375,946.969970703125
DJ2029-G9R0001059,01TMB08S10002AF9R7100023,EBUS 283,10408.458984375,946.968017578125
DJ2029-G9R0001059,01TMB08S10002AF9R7100024,EBUS 283,10250.7783203125,946.9639892578125
DJ2029-G9S0001060,01TMB08S10002AF9R7100026,EBUS 283,10631.9716796875,946.9620361328125
DJ2029-G9S0001060,01TMB08S10002AF9R7100029,EBUS 283,11103.2412109375,946.9660034179688
DJ2029-G9S0001060,01TMB08S10002AF9R7100030,EBUS 283,11337.259765625,946.9660034179688
DJ2029-G9S0001060,01TMB08S10002AF9R7100032,EBUS 283,11071.0087890625,946.968017578125
DJ2029-G9S0001060,01TMB08S10002AF9R7100025,EBUS 283,10069.787109375,946.9639892578125
DJ2029-G9S0001061,01TMB08S10002AF9R7100034,EBUS 283,11055.6845703125,946.9639892578125
DJ2029-G9S0001063,01TMB08S10002AF9S7100015,EBUS 283,10183.01953125,946.9639892578125
DJ2029-G9S0001064,01TMB08S10002AF9S7100017,EBUS 283,9605.6044921875,946.9639892578125
DJ2029-G9S0001064,01TMB08S10002AF9S7100020,EBUS 283,9788.181640625,946.9639892578125
DJ2029-G9S0001064,01TMB08S10002AF9S7100023,EBUS 283,7914.9150390625,946.968017578125
DJ2029-G9T0001065,01TMB08S10002AF9S7100025,EBUS 283,10397.3935546875,946.9620361328125
DJ2029-G9T0001065,01TMB08S10002AF9S7100028,EBUS 283,10440.9716796875,946.9660034179688
DJ2029-G9T0001065,01TMB08S10002AF9S7100030,EBUS 283,9148.322265625,946.9660034179688
DJ2029-G9T0001065,01TMB08S10002AF9S7100032,EBUS 283,9783.8916015625,946.9620361328125
DJ2029-G9T0001066,01TMB08S10002AF9S7100035,EBUS 283,9998.826171875,946.9620361328125
DJ2029-G9V0001069,01TMB08S10002AF9T7100054,EBUS 283,10062.88671875,946.9639892578125
DJ2029-G9V0001069,01TMB08S10002AF9T7100056,EBUS 283,9165.8828125,946.9660034179688
DJ2029-G9V0001069,01TMB08S10002AF9T7100058,EBUS 283,10567.2578125,946.9639892578125
DJ2029-G9V0001075,01TMB08S10002AF9V7100044,EBUS 283,9068.28515625,946.9660034179688
DJ2029-G9V0001075,01TMB08S10002AF9V7100046,EBUS 283,8844.4931640625,946.9660034179688
DJ2029-G9V0001075,01TMB08S10002AF9V7100048,EBUS 283,10533.1298828125,946.9660034179688
DJ2029-G9W0001076,01TMB08S10002AF9V7100061,EBUS 283,9505.2392578125,946.9620361328125
DJ2029-G9X0001080,01TMB08S10002AF9X7100015,EBUS 283,10440.0390625,946.9639892578125
DJ2029-G9X0001081,01TMB08S10002AF9X7100017,EBUS 283,9782.5556640625,946.9639892578125
DJ2029-G9X0001081,01TMB08S10002AF9X7100019,EBUS 283,9817.056640625,946.968017578125
DJ2029-G9X0001081,01TMB08S10002AF9X7100021,EBUS 283,10261.4091796875,946.9660034179688
DJ2029-G9X0001081,01TMB08S10002AF9X7100022,EBUS 283,9233.4873046875,946.968017578125
DJ2029-G9X0001081,01TMB08S10002AF9X7100023,EBUS 283,10394.4716796875,946.9620361328125
DJ2029-G9X0001082,01TMB08S10002AF9X7100025,EBUS 283,9797.6923828125,946.9599609375
DJ2029-G9X0001082,01TMB08S10002AF9X7100028,EBUS 283,9984.310546875,946.9639892578125
DJ2029-G9X0001082,01TMB08S10002AF9X7100030,EBUS 283,8055.06494140625,946.968017578125
DJ2029-G9X0001082,01TMB08S10002AF9X7100032,EBUS 283,8384.7861328125,946.968017578125
DJ2029-G9X0001082,01TMB08S10002AF9X7100026,EBUS 283,8640.654296875,946.9660034179688
DJ2029-G9X0001083,01TMB08S10002AF9X7100036,EBUS 283,8103.46044921875,946.9620361328125
DJ2029-G9X0001083,01TMB08S10002AF9X7100039,EBUS 283,7243.5693359375,946.9660034179688
DJ2029-G9Y0001084,01TMB08S10002AF9X7100046,EBUS 283,8208.8291015625,946.9660034179688
DJ2029-G9Y0001085,01TMB08S10002AF9X7100049,EBUS 283,7237.7568359375,946.9660034179688
DJ2029-GA10001089,01TMB08S10002AFA17100009,EBUS 283,9457.1552734375,946.968017578125
DJ2029-GA10001089,01TMB08S10002AFA17100011,EBUS 283,8937.4287109375,946.968017578125
DJ2029-GA10001089,01TMB08S10002AFA17100013,EBUS 283,7871.92822265625,946.9639892578125
DJ2029-GA10001089,01TMB08S10002AFA17100015,EBUS 283,8174.1103515625,946.9639892578125
DJ2029-GA10001090,01TMB08S10002AFA17100017,EBUS 283,8572.3984375,946.9660034179688
DJ2029-GA10001090,01TMB08S10002AFA17100019,EBUS 283,8747.6708984375,946.9660034179688
DJ2029-GA10001090,01TMB08S10002AFA17100023,EBUS 283,10215.3134765625,946.9660034179688
DJ2029-GA10001091,01TMB08S10002AFA17100025,EBUS 283,8204.4150390625,946.9660034179688
DJ2029-GA10001091,01TMB08S10002AFA17100028,EBUS 283,9573.9619140625,946.9620361328125
DJ2029-GA10001091,01TMB08S10002AFA17100030,EBUS 283,10033.85546875,946.9920043945312
DJ2029-GA10001091,01TMB08S10002AFA17100031,EBUS 283,10344.2431640625,946.968017578125
DJ2029-GA20001092,01TMB08S10002AFA27100002,EBUS 283,9246.32421875,946.9639892578125
DJ2029-GA20001092,01TMB08S10002AFA27100003,EBUS 283,9892.1201171875,946.9639892578125
DJ2029-GA30001095,01TMB08S10002AFA37100016,EBUS 283,0,946.9639892578125
DJ2029-GA30001096,01TMB08S10002AFA37100020,EBUS 283,8744.904296875,946.9660034179688
DJ2029-GA40001097,01TMB08S10002AFA37100027,EBUS 283,9979.2744140625,946.9639892578125
DJ2029-GA40001097,01TMB08S10002AFA37100029,EBUS 283,9513.3828125,946.9639892578125
DJ2029-GA40001097,01TMB08S10002AFA37100032,EBUS 283,10172.6064453125,946.988037109375
DJ2029-GA60001109,01TMB08S10002AFA57100037,EBUS 283,9472.7578125,946.968017578125
DJ2029-GA60001111,01TMB08S10002AFA67100012,EBUS 283,9211.822265625,946.9660034179688
DJ2029-GA70001115,01TMB08S10002AFA77100004,EBUS 283,10919.4521484375,946.9620361328125
DJ2029-GA70001115,01TMB08S10002AFA77100007,EBUS 283,8510.7626953125,946.9599609375
DJ2029-GA70001116,01TMB08S10002AFA77100014,EBUS 283,8198.2294921875,946.9660034179688
DJ2029-GA70001116,01TMB08S10002AFA77100016,EBUS 283,10125.9833984375,946.9660034179688
DJ2029-GA70001117,01TMB08S10002AFA77100023,EBUS 283,9602.1533203125,946.9639892578125
DJ2029-GA70001118,01TMB08S10002AFA77100026,EBUS 283,8248.86328125,946.969970703125
DJ2029-GA70001118,01TMB08S10002AFA77100028,EBUS 283,10511.7138671875,946.9660034179688
DJ2029-GA70001118,01TMB08S10002AFA77100030,EBUS 283,9064.6484375,946.9660034179688
DJ2029-GA70001118,01TMB08S10002AFA77100032,EBUS 283,11273.4169921875,946.9639892578125
DJ2029-GA70001119,01TMB08S10002AFA77100034,EBUS 283,8807.1318359375,946.9660034179688
DJ2029-GA70001119,01TMB08S10002AFA77100036,EBUS 283,9736.4609375,946.9639892578125
DJ2029-GA80001123,01TMB08S10002AFA87100004,EBUS 283,8628.78125,946.9639892578125
DJ2029-GAA0001126,01TMB08S10002AFAA7100005,EBUS 283,10784.087890625,946.968017578125
DJ2029-GAA0001126,01TMB08S10002AFAA7100006,EBUS 283,9745.8466796875,946.9660034179688
DJ2029-GAA0001127,01TMB08S10002AFAA7100009,EBUS 283,10212.298828125,946.9660034179688
DJ2029-GAA0001127,01TMB08S10002AFAA7100012,EBUS 283,9096.3525390625,946.9660034179688
DJ2029-GAA0001127,01TMB08S10002AFAA7100015,EBUS 283,10541.1171875,946.9660034179688
DJ2029-GAA0001128,01TMB08S10002AFAA7100019,EBUS 283,9396.513671875,946.9660034179688
DJ2029-GAA0001128,01TMB08S10002AFAA7100022,EBUS 283,10104.91015625,946.9660034179688
DJ2029-GAB0001129,01TMB08S10002AFAB7100001,EBUS 283,9954.28515625,946.9639892578125
DJ2029-GAB0001129,01TMB08S10002AFAB7100004,EBUS 283,9833.28125,946.968017578125
DJ2029-GAB0001129,01TMB08S10002AFAB7100006,EBUS 283,9038.3525390625,946.9660034179688
DJ2029-GAB0001130,01TMB08S10002AFAB7100009,EBUS 283,10248.6025390625,946.968017578125
DJ2029-GAE0001134,01TMB08S10002AFAE7100016,EBUS 283,8485.2744140625,946.9639892578125
DJ2029-GAF0001135,01TMB08S10002AFAE7100017,EBUS 283,10712.72265625,946.9660034179688
DJ2029-GAF0001135,01TMB08S10002AFAE7100018,EBUS 283,10188.4580078125,946.969970703125
DJ2029-GAF0001135,01TMB08S10002AFAE7100019,EBUS 283,9573.6513671875,946.9639892578125
DJ2029-GAF0001135,01TMB08S10002AFAE7100020,EBUS 283,8839.146484375,946.968017578125
DJ2029-GAF0001136,01TMB08S10002AFAF7100001,EBUS 283,9032.7890625,946.968017578125
DJ2029-GAF0001136,01TMB08S10002AFAF7100002,EBUS 283,8820.0927734375,946.969970703125
DJ2029-GAF0001136,01TMB08S10002AFAF7100003,EBUS 283,9676.3779296875,946.968017578125
DJ2029-GAF0001136,01TMB08S10002AFAF7100004,EBUS 283,8003.3447265625,946.968017578125
DJ2029-GAF0001136,01TMB08S10002AFAF7100005,EBUS 283,9160.537109375,946.9660034179688
DJ2029-GAF0001136,01TMB08S10002AFAF7100006,EBUS 283,9235.5380859375,946.969970703125
DJ2029-GAF0001136,01TMB08S10002AFAF7100007,EBUS 283,10374.9208984375,946.9660034179688
DJ2029-GAF0001136,01TMB08S10002AFAF7100008,EBUS 283,9025.4853515625,946.968017578125
DJ2029-GAF0001138,01TMB08S10002AFAF7100022,EBUS 283,8485.2744140625,946.9660034179688
DJ2029-GAF0001138,01TMB08S10002AFAF7100024,EBUS 283,9667.271484375,946.968017578125
DJ2029-GAG0001139,01TMB08S10002AFAF7100029,EBUS 283,9142.04296875,946.9660034179688
DJ2029-GAG0001139,01TMB08S10002AFAF7100031,EBUS 283,9682.5634765625,946.9599609375
DJ2029-GAG0001140,01TMB08S10002AFAF7100036,EBUS 283,10000.4423828125,946.989990234375
DJ2029-GAG0001142,01TMB08S10002AFAG7100015,EBUS 283,9735.185546875,946.9660034179688
DJ2029-GAG0001143,01TMB08S10002AFAG7100017,EBUS 283,9357.0390625,946.9660034179688
DJ2029-GAG0001143,01TMB08S10002AFAG7100019,EBUS 283,9426.7568359375,946.968017578125
DJ2029-GAG0001143,01TMB08S10002AFAG7100022,EBUS 283,9921.7734375,946.9660034179688
DJ2029-GAG0001143,01TMB08S10002AFAG7100024,EBUS 283,10021.4228515625,946.969970703125
DJ2029-GAH0001144,01TMB08S10002AFAG7100027,EBUS 283,9339.7880859375,946.969970703125
DJ2029-GAH0001144,01TMB08S10002AFAG7100029,EBUS 283,8936.9931640625,946.9660034179688
DJ2029-GAH0001144,01TMB08S10002AFAG7100026,EBUS 283,9692.0751953125,946.9639892578125
DJ2029-GAH0001144,01TMB08S10002AFAG7100031,EBUS 283,10467.9189453125,946.968017578125
DJ2029-GAH0001145,01TMB08S10002AFAG7100033,EBUS 283,9556.9912109375,946.9660034179688
DJ2029-GAH0001145,01TMB08S10002AFAG7100037,EBUS 283,9514.470703125,946.9620361328125
DJ2029-GAH0001146,01TMB08S10002AFAH7100006,EBUS 283,10139.3173828125,946.9660034179688
DJ2029-GAJ0001147,01TMB08S10002AFAH7100011,EBUS 283,8437.2216796875,946.9639892578125
DJ2029-GAJ0001147,01TMB08S10002AFAH7100015,EBUS 283,9081.4326171875,946.968017578125
DJ2029-GAJ0001148,01TMB08S10002AFAJ7100002,EBUS 283,9323.75,946.968017578125
DJ2029-GAJ0001148,01TMB08S10002AFAJ7100005,EBUS 283,8917.1630859375,946.9660034179688
DJ2029-GAJ0001148,01TMB08S10002AFAJ7100006,EBUS 283,9528.208984375,946.9639892578125
DJ2029-GAJ0001148,01TMB08S10002AFAJ7100008,EBUS 283,9126.0361328125,946.9660034179688
DJ2029-GAJ0001149,01TMB08S10002AFAJ7100011,EBUS 283,8772.94140625,946.9660034179688
DJ2029-GAJ0001149,01TMB08S10002AFAJ7100013,EBUS 283,9939.458984375,946.9639892578125
DJ2029-GAJ0001149,01TMB08S10002AFAJ7100015,EBUS 283,9914.779296875,946.9639892578125
DJ2029-GAJ0001149,01TMB08S10002AFAJ7100016,EBUS 283,8328.5263671875,946.9660034179688
DJ2029-GAJ0001150,01TMB08S10002AFAJ7100018,EBUS 283,8285.5712890625,946.9639892578125
DJ2029-GAJ0001150,01TMB08S10002AFAJ7100020,EBUS 283,8111.10693359375,946.9660034179688
DJ2029-GAJ0001152,01TMB08S10002AFAJ7100038,EBUS 283,9770.2158203125,946.9660034179688
DJ2029-GAK0001153,01TMB08S10002AFAJ7100042,EBUS 283,10035.4404296875,946.968017578125
DJ2029-GAK0001153,01TMB08S10002AFAJ7100047,EBUS 283,9105.6767578125,946.9639892578125
DJ2029-GAL0001159,01TMB08S10002AFAL7100013,EBUS 283,8485.2744140625,946.9639892578125
DJ2029-GAM0001160,01TMB08S10002AFAL7100017,EBUS 283,9705.7509765625,946.9660034179688
DJ2029-GAM0001160,01TMB08S10002AFAL7100021,EBUS 283,8866.3125,946.968017578125
DJ2029-GAM0001160,01TMB08S10002AFAL7100020,EBUS 283,8720.0078125,946.9639892578125
DJ2029-GAM0001160,01TMB08S10002AFAL7100023,EBUS 283,10037.3681640625,946.968017578125
DJ2029-GAM0001161,01TMB08S10002AFAL7100025,EBUS 283,9667.7060546875,946.9660034179688
DJ2029-GAN0001163,01TMB08S10002AFAN7100009,EBUS 283,8485.2744140625,946.9660034179688
DJ2029-GAN0001163,01TMB08S10002AFAN7100016,EBUS 283,8012.73046875,946.968017578125
DJ2029-GAN0001164,01TMB08S10002AFAN7100019,EBUS 283,8075.486328125,946.9639892578125
DJ2029-GAN0001164,01TMB08S10002AFAN7100020,EBUS 283,9931.5009765625,946.9639892578125
DJ2029-GAP0001168,01TMB08S10002AFAP7100015,EBUS 283,8485.2744140625,946.969970703125
DJ2029-GAR0001175,01TMB08S10002AFAR7100029,EBUS 283,8485.2744140625,946.968017578125
DJ2029-GAR0001176,01TMB08S10002AFAR7100040,EBUS 283,8687.154296875,946.968017578125
DJ2029-GAS0001177,01TMB08S10002AFAS7100007,EBUS 283,7636.16943359375,946.9660034179688
DJ2029-GAS0001178,01TMB08S10002AFAS7100010,EBUS 283,7626.25390625,946.9639892578125
DJ2029-GAS0001178,01TMB08S10002AFAS7100012,EBUS 283,7983.07861328125,946.9639892578125
DJ2029-GAV0001182,01TMB08S10002AFAV7100019,EBUS 283,7612.95068359375,946.9660034179688
DJ2029-GAW0001184,01TMB08S10002AFAW7100001,EBUS 283,9204.0830078125,946.9639892578125
DJ2029-GAW0001184,01TMB08S10002AFAW7100002,EBUS 283,8368.0009765625,946.968017578125
DJ2029-GAW0001184,01TMB08S10002AFAW7100003,EBUS 283,7903.134765625,946.9639892578125
DJ2029-GAW0001184,01TMB08S10002AFAW7100007,EBUS 283,8679.7255859375,946.9639892578125
DJ2029-GAW0001185,01TMB08S10002AFAW7100010,EBUS 283,9135.888671875,946.968017578125
DJ2029-GAW0001185,01TMB08S10002AFAW7100014,EBUS 283,10270.0498046875,946.9620361328125
DJ2029-GAW0001186,01TMB08S10002AFAW7100018,EBUS 283,9788.2744140625,946.9620361328125
DJ2029-GB10001194,01TMB08S10002AFB17100011,EBUS 283,9273.2412109375,946.968017578125
DJ2029-GB10001194,01TMB08S10002AFB17100016,EBUS 283,8507.25,946.968017578125
DJ2029-GB10001195,01TMB08S10002AFB17100020,EBUS 283,10442.7421875,946.968017578125
DJ2029-GB10001195,01TMB08S10002AFB17100022,EBUS 283,8123.1357421875,946.9639892578125
DJ2029-GB10001195,01TMB08S10002AFB17100024,EBUS 283,8485.2744140625,946.968017578125
DJ2029-GB10001195,01TMB08S10002AFB17100018,EBUS 283,8519.9619140625,946.968017578125
DJ2029-GB10001195,01TMB08S10002AFB17100019,EBUS 283,7884.361328125,946.9639892578125
DJ2029-GB10001195,01TMB08S10002AFB17100017,EBUS 283,11290.7294921875,946.968017578125
DJ2029-GB20001198,01TMB08S10002AFB27100018,EBUS 283,8485.2744140625,946.9660034179688
DJ2029-GB30001199,01TMB08S10002AFB37100002,EBUS 283,8087.6396484375,946.968017578125
DJ2029-GB30001199,01TMB08S10002AFB37100006,EBUS 283,7783.28173828125,946.9639892578125
DJ2029-GB30001199,01TMB08S10002AFB37100007,EBUS 283,8485.2744140625,946.9660034179688
DJ2029-GB30001200,01TMB08S10002AFB37100012,EBUS 283,7511.1875,946.9660034179688
DJ2029-GB40001201,01TMB08S10002AFB47100005,EBUS 283,8485.2744140625,946.969970703125
DJ2029-GB40001201,01TMB08S10002AFB47100007,EBUS 283,7682.26416015625,946.9639892578125
DJ2029-GB40001201,01TMB08S10002AFB47100008,EBUS 283,6931.5966796875,946.968017578125
DJ2029-GB40001202,01TMB08S10002AFB47100009,EBUS 283,7406.31640625,946.9639892578125
DJ2029-GB40001202,01TMB08S10002AFB47100010,EBUS 283,8850.2119140625,946.9660034179688
DJ2029-GB40001202,01TMB08S10002AFB47100011,EBUS 283,7671.63427734375,946.9639892578125
DJ2029-GB40001202,01TMB08S10002AFB47100012,EBUS 283,7836.86767578125,946.9639892578125
DJ2029-GB40001202,01TMB08S10002AFB47100013,EBUS 283,7953.51953125,946.9639892578125
DJ2029-GB40001202,01TMB08S10002AFB47100014,EBUS 283,7947.9248046875,946.968017578125
DJ2029-GB40001202,01TMB08S10002AFB47100015,EBUS 283,7056.95166015625,946.968017578125
DJ2029-GB40001202,01TMB08S10002AFB47100016,EBUS 283,7604.68310546875,946.9660034179688
DJ2029-GB40001203,01TMB08S10002AFB47100018,EBUS 283,7261.6591796875,946.968017578125
DJ2029-GB50001206,01TMB08S10002AFB57100001,EBUS 283,7899.49853515625,946.9639892578125
DJ2029-GB50001206,01TMB08S10002AFB57100003,EBUS 283,8282.05859375,946.968017578125
DJ2029-GB50001206,01TMB08S10002AFB57100006,EBUS 283,7619.384765625,946.9620361328125
DJ2029-GB50001209,01TMB08S10002AFB57100025,EBUS 283,7716.33056640625,946.9639892578125
DJ2029-GB60001210,01TMB08S10002AFB67100007,EBUS 283,7812.1572265625,946.9660034179688
DJ2029-GB60001210,01TMB08S10002AFB67100008,EBUS 283,7345.736328125,946.968017578125
DJ2029-GB60001211,01TMB08S10002AFB67100012,EBUS 283,7707.9697265625,946.968017578125
DJ2029-GB60001211,01TMB08S10002AFB67100015,EBUS 283,8862.9248046875,946.969970703125
DJ2029-GB60001212,01TMB08S10002AFB67100019,EBUS 283,8099.10888671875,946.9660034179688
DJ2029-GB60001213,01TMB08S10002AFB67100028,EBUS 283,7707.9697265625,946.968017578125
DJ2029-GB60001213,01TMB08S10002AFB67100031,EBUS 283,8862.9248046875,946.969970703125
DJ2029-GB70001214,01TMB08S10002AFB77100001,EBUS 283,8146.447265625,946.968017578125
DJ2029-GB70001214,01TMB08S10002AFB77100002,EBUS 283,8216.505859375,946.9639892578125
DJ2029-GB70001214,01TMB08S10002AFB77100004,EBUS 283,7573.22802734375,946.9639892578125
DJ2029-GB70001214,01TMB08S10002AFB77100005,EBUS 283,7784.12109375,946.9660034179688
DJ2029-GB70001214,01TMB08S10002AFB77100008,EBUS 283,8090.7783203125,946.968017578125
DJ2029-GB70001217,01TMB08S10002AFB77100028,EBUS 283,7655.22265625,946.9660034179688
DJ2029-GB70001217,01TMB08S10002AFB77100026,EBUS 283,7371.3173828125,946.9660034179688
DJ2029-GB70001217,01TMB08S10002AFB77100032,EBUS 283,8286.130859375,946.9639892578125
DJ2029-GB70001218,01TMB08S10002AFB77100034,EBUS 283,9435.0244140625,946.9660034179688
DJ2029-GB70001218,01TMB08S10002AFB77100037,EBUS 283,7467.39306640625,946.969970703125
DJ2029-GB70001218,01TMB08S10002AFB77100035,EBUS 283,9906.6044921875,946.9660034179688
DJ2029-GB70001218,01TMB08S10002AFB77100039,EBUS 283,8407.4755859375,946.968017578125
DJ2029-GB70001219,01TMB08S10002AFB77100044,EBUS 283,7321.15087890625,946.968017578125
DJ2029-GB80001223,01TMB08S10002AFB87100005,EBUS 283,7824.4658203125,946.9639892578125
DJ2029-GB80001223,01TMB08S10002AFB87100008,EBUS 283,7197.474609375,946.9620361328125
DJ2029-GB80001224,01TMB08S10002AFB87100013,EBUS 283,9175.8916015625,946.9639892578125
DJ2029-GB80001225,01TMB08S10002AFB87100019,EBUS 283,8015.96337890625,946.9660034179688
DJ2029-GB80001225,01TMB08S10002AFB87100021,EBUS 283,6878.3837890625,946.9639892578125
DJ2029-GB80001225,01TMB08S10002AFB87100023,EBUS 283,7209.13037109375,946.9660034179688
DJ2029-GB80001226,01TMB08S10002AFB87100025,EBUS 283,8739.1865234375,946.9639892578125
DJ2029-GB80001226,01TMB08S10002AFB87100029,EBUS 283,6848.01611328125,946.969970703125
DJ2029-GB80001226,01TMB08S10002AFB87100031,EBUS 283,9156.2783203125,946.9620361328125
DJ2029-GB80001227,01TMB08S10002AFB87100033,EBUS 283,9597.771484375,946.9660034179688
DJ2029-GB80001227,01TMB08S10002AFB87100034,EBUS 283,9185.8076171875,946.9639892578125
DJ2029-GB90001230,01TMB08S10002AFB97100019,EBUS 283,8485.2744140625,946.969970703125
DJ2029-GB90001230,01TMB08S10002AFB97100022,EBUS 283,9047.95703125,946.968017578125
DJ2029-GBA0001231,01TMB08S10002AFBA7100004,EBUS 283,8240.4091796875,946.9620361328125
DJ2029-GBA0001231,01TMB08S10002AFBA7100006,EBUS 283,8918.001953125,946.9660034179688
DJ2029-GBA0001231,01TMB08S10002AFBA7100008,EBUS 283,8398.1201171875,946.9639892578125
DJ2029-GBA0001232,01TMB08S10002AFBA7100010,EBUS 283,9157.0869140625,946.9639892578125
DJ2029-GBA0001232,01TMB08S10002AFBA7100011,EBUS 283,9769.4697265625,946.968017578125
DJ2029-GBA0001232,01TMB08S10002AFBA7100013,EBUS 283,7757.296875,946.968017578125
DJ2029-GBA0001232,01TMB08S10002AFBA7100015,EBUS 283,8126.49267578125,946.9660034179688
DJ2029-GBA0001236,01TMB08S10002AFBA7100048,EBUS 283,9501.6337890625,946.9639892578125
DJ2029-GBB0001237,01TMB08S10002AFBA7100056,EBUS 283,7605.55322265625,946.968017578125
DJ2029-GBB0001238,01TMB08S10002AFBA7100058,EBUS 283,0,0
DJ2029-GBB0001239,01TMB08S10002AFBA7100068,EBUS 283,8543.865234375,946.9660034179688
DJ2029-GBB0001239,01TMB08S10002AFBA7100069,EBUS 283,7698.24072265625,946.968017578125
DJ2029-GBB0001240,01TMB08S10002AFBB7100012,EBUS 283,8345.125,946.9639892578125
DJ2029-GBB0001240,01TMB08S10002AFBB7100014,EBUS 283,8273.8837890625,946.9639892578125
DJ2029-GBB0001240,01TMB08S10002AFBB7100016,EBUS 283,7492.009765625,946.968017578125
DJ2029-GBB0001244,01TMB08S10002AFBB7100046,EBUS 283,8002.93994140625,946.9639892578125
DJ2029-GBC0001248,01TMB08S10002AFBC7100023,EBUS 283,10372.869140625,946.9639892578125
DJ2029-GBC0001249,01TMB08S10002AFBC7100026,EBUS 283,9557.67578125,946.9639892578125
DJ2029-GBC0001249,01TMB08S10002AFBC7100028,EBUS 283,9616.3583984375,946.9660034179688
DJ2029-GBC0001249,01TMB08S10002AFBC7100029,EBUS 283,8897.51953125,946.969970703125
DJ2029-GBC0001250,01TMB08S10002AFBC7100034,EBUS 283,8901.9013671875,946.9620361328125
DJ2029-GBD0001251,01TMB08S10002AFBC7100047,EBUS 283,8927.482421875,946.9660034179688
DJ2029-GBD0001257,01TMB08S10002AFBD7100039,EBUS 283,7809.111328125,946.9620361328125
DJ2029-GBD0001257,01TMB08S10002AFBD7100040,EBUS 283,8102.248046875,946.9660034179688
DJ2029-GBD0001258,01TMB08S10002AFBD7100043,EBUS 283,7368.271484375,946.9639892578125
DJ2029-GBD0001258,01TMB08S10002AFBD7100046,EBUS 283,8238.1396484375,946.968017578125
DJ2029-GBE0001259,01TMB08S10002AFBD7100050,EBUS 283,8397.498046875,946.9660034179688
DJ2029-GBE0001259,01TMB08S10002AFBD7100053,EBUS 283,7738.39892578125,946.9660034179688
DJ2029-GBE0001260,01TMB08S10002AFBD7100064,EBUS 283,8372.9443359375,946.968017578125
DJ2029-GBE0001265,01TMB08S10002AFBE7100033,EBUS 283,7782.00732421875,946.9660034179688
DJ2029-GBF0001266,01TMB08S10002AFBE7100043,EBUS 283,8326.97265625,946.968017578125
DJ2029-GBG0001270,01TMB08S10002AFBF7100019,EBUS 283,7260.1669921875,946.9660034179688
DJ2029-GBG0001271,01TMB08S10002AFBF7100025,EBUS 283,6902.13037109375,946.969970703125
DJ2029-GBG0001272,01TMB08S10002AFBG7100001,EBUS 283,10373.677734375,946.9660034179688
DJ2029-GBH0001274,01TMB08S10002AFBG7100018,EBUS 283,8132.2119140625,946.968017578125
DJ2029-GBK0001282,01TMB08S10002AFBK7100034,EBUS 283,7556.9404296875,946.9660034179688
DJ2029-GBK0001282,01TMB08S10002AFBK7100035,EBUS 283,7969.46484375,946.9620361328125
DJ2029-GBK0001282,01TMB08S10002AFBK7100038,EBUS 283,8805.546875,946.9660034179688
DJ2029-GBK0001282,01TMB08S10002AFBK7100039,EBUS 283,8479.400390625,946.9660034179688
DJ2029-GBL0001283,01TMB08S10002AFBK7100042,EBUS 283,7351.4248046875,946.9660034179688
DJ2029-GBL0001283,01TMB08S10002AFBK7100044,EBUS 283,6483.60791015625,946.9639892578125
DJ2029-GBL0001283,01TMB08S10002AFBK7100047,EBUS 283,7241.7353515625,946.969970703125
DJ2029-GBL0001284,01TMB08S10002AFBK7100051,EBUS 283,7711.73046875,946.9660034179688
DJ2029-GBL0001284,01TMB08S10002AFBK7100053,EBUS 283,8625.30078125,946.969970703125
DJ2029-GBL0001284,01TMB08S10002AFBK7100055,EBUS 283,7926.60205078125,946.969970703125
DJ2029-GBL0001285,01TMB08S10002AFBL7100005,EBUS 283,7677.8818359375,946.968017578125
DJ2029-GBL0001286,01TMB08S10002AFBL7100010,EBUS 283,7122.19287109375,946.9660034179688
DJ2029-GBL0001286,01TMB08S10002AFBL7100015,EBUS 283,7016.76171875,946.9660034179688
DJ2029-GBL0001287,01TMB08S10002AFBL7100017,EBUS 283,7477.96044921875,946.968017578125
DJ2029-GBL0001289,01TMB08S10002AFBL7100038,EBUS 283,7853.0927734375,946.9660034179688
DJ2029-GBL0001289,01TMB08S10002AFBL7100040,EBUS 283,0,0
DJ2029-GBM0001290,01TMB08S10002AFBL7100042,EBUS 283,7939.439453125,946.9639892578125
DJ2029-GBM0001290,01TMB08S10002AFBL7100044,EBUS 283,8105.44970703125,946.9639892578125
DJ2029-GBM0001291,01TMB08S10002AFBL7100049,EBUS 283,8463.2373046875,946.9660034179688
DJ2029-GBM0001291,01TMB08S10002AFBL7100051,EBUS 283,7841.0947265625,946.969970703125
DJ2029-GBM0001291,01TMB08S10002AFBL7100052,EBUS 283,8119.43603515625,946.9620361328125
DJ2029-GBM0001291,01TMB08S10002AFBL7100054,EBUS 283,8009.74755859375,946.9660034179688
DJ2029-GBM0001291,01TMB08S10002AFBL7100056,EBUS 283,7556.1015625,946.9660034179688
DJ2029-GBM0001292,01TMB08S10002AFBL7100058,EBUS 283,8389.7900390625,946.968017578125
DJ2029-GBM0001292,01TMB08S10002AFBL7100060,EBUS 283,7358.35595703125,946.9660034179688
DJ2029-GBM0001295,01TMB08S10002AFBM7100017,EBUS 283,7013.84033203125,946.9620361328125
DJ2029-GBM0001295,01TMB08S10002AFBM7100019,EBUS 283,7581.6201171875,946.9639892578125
DJ2029-GBM0001295,01TMB08S10002AFBM7100023,EBUS 283,8777.3232421875,946.9660034179688
DJ2029-GBN0001296,01TMB08S10002AFBM7100025,EBUS 283,7282.173828125,946.9639892578125
DJ2029-GBN0001301,01TMB08S10002AFBN7100040,EBUS 283,8311.8984375,946.968017578125
DJ2029-GBN0001301,01TMB08S10002AFBN7100039,EBUS 283,8285.322265625,946.9620361328125
DJ2029-GBN0001302,01TMB08S10002AFBN7100045,EBUS 283,7098.912109375,946.969970703125
DJ2029-GBN0001302,01TMB08S10002AFBN7100042,EBUS 283,8154.1240234375,946.9660034179688
DJ2029-GBP0001303,01TMB08S10002AFBN7100049,EBUS 283,7070.9072265625,946.968017578125
DJ2029-GBP0001303,01TMB08S10002AFBN7100052,EBUS 283,7455.70556640625,946.9620361328125
DJ2029-GBP0001309,01TMB08S10002AFBP7100036,EBUS 283,8255.5771484375,946.9660034179688
DJ2029-GBP0001309,01TMB08S10002AFBP7100037,EBUS 283,7500.46435546875,946.9660034179688
DJ2029-GBP0001309,01TMB08S10002AFBP7100040,EBUS 283,8506.130859375,946.968017578125
DJ2029-GBR0001310,01TMB08S10002AFBP7100041,EBUS 283,7289.10498046875,946.9660034179688
DJ2029-GBR0001310,01TMB08S10002AFBP7100043,EBUS 283,8151.82421875,946.9660034179688
DJ2029-GBR0001310,01TMB08S10002AFBP7100045,EBUS 283,7451.447265625,946.9639892578125
DJ2029-GBR0001311,01TMB08S10002AFBP7100050,EBUS 283,7376.60107421875,946.9660034179688
DJ2029-GBR0001311,01TMB08S10002AFBP7100051,EBUS 283,7205.431640625,946.9620361328125
DJ2029-GBR0001311,01TMB08S10002AFBP7100053,EBUS 283,8965.029296875,946.9620361328125
DJ2029-GBR0001311,01TMB08S10002AFBP7100054,EBUS 283,9122.181640625,946.968017578125
DJ2029-GBR0001313,01TMB08S10002AFBR7100009,EBUS 283,7482.560546875,946.9639892578125
DJ2029-GBR0001313,01TMB08S10002AFBR7100013,EBUS 283,7830.9931640625,946.968017578125
DJ2029-GBR0001314,01TMB08S10002AFBR7100019,EBUS 283,8068.49267578125,946.9660034179688
DJ2029-GBR0001314,01TMB08S10002AFBR7100023,EBUS 283,7707.814453125,946.9639892578125
DJ2029-GBR0001315,01TMB08S10002AFBR7100026,EBUS 283,7593.1826171875,946.9620361328125
DJ2029-GBR0001315,01TMB08S10002AFBR7100031,EBUS 283,7803.8271484375,946.968017578125
DJ2029-GBR0001316,01TMB08S10002AFBR7100033,EBUS 283,8065.6328125,946.9660034179688
DJ2029-GBR0001316,01TMB08S10002AFBR7100035,EBUS 283,9185.6826171875,946.968017578125
DJ2029-GBS0001318,01TMB08S10002AFBS7100003,EBUS 283,8476.8515625,946.9660034179688
DJ2029-GBS0001320,01TMB08S10002AFBS7100021,EBUS 283,7995.72900390625,946.9620361328125
DJ2029-GBS0001322,01TMB08S10002AFBS7100036,EBUS 283,8005.8623046875,946.9639892578125
DJ2029-GBT0001328,01TMB08S10002AFBT7100019,EBUS 283,7810.35400390625,946.969970703125
DJ2029-GBT0001328,01TMB08S10002AFBT7100021,EBUS 283,7153.0263671875,946.9620361328125
DJ2029-GBT0001329,01TMB08S10002AFBT7100025,EBUS 283,7687.61083984375,946.9660034179688
DJ2029-GBV0001330,01TMB08S10002AFBV7100003,EBUS 283,8485.2744140625,946.968017578125
DJ2029-GBV0001330,01TMB08S10002AFBV7100006,EBUS 283,8392.7119140625,946.9639892578125
DJ2029-GBV0001331,01TMB08S10002AFBV7100015,EBUS 283,8032.81005859375,946.968017578125
DJ2029-GBW0001332,01TMB08S10002AFBW7100002,EBUS 283,7063.509765625,946.9660034179688
DJ2029-GBW0001332,01TMB08S10002AFBW7100004,EBUS 283,8836.6904296875,946.9620361328125
DJ2029-GBW0001332,01TMB08S10002AFBW7100008,EBUS 283,9195.7841796875,946.968017578125
DJ2029-GBW0001334,01TMB08S10002AFBW7100018,EBUS 283,8543.3369140625,946.9639892578125
DJ2029-GC10001342,01TMB08S10002AFC17100008,EBUS 283,7697.30810546875,946.968017578125
DJ2029-GC10001344,01TMB08S10002AFC17100023,EBUS 283,7995.72900390625,946.9620361328125
DJ2029-GC10001345,01TMB08S10002AFC17100032,EBUS 283,7481.3486328125,946.9660034179688
DJ2029-GC20001347,01TMB08S10002AFC27100001,EBUS 283,8813.845703125,946.9660034179688
DJ2029-GC20001347,01TMB08S10002AFC27100005,EBUS 283,0,946.969970703125
DJ2029-GC20001347,01TMB08S10002AFC27100007,EBUS 283,9786.4091796875,946.9620361328125
DJ2029-GC20001348,01TMB08S10002AFC27100009,EBUS 283,9251.328125,946.9639892578125
DJ2029-GC20001348,01TMB08S10002AFC27100011,EBUS 283,8542.373046875,946.968017578125
DJ2029-GC20001348,01TMB08S10002AFC27100014,EBUS 283,7692.77001953125,946.968017578125
DJ2029-GC20001349,01TMB08S10002AFC27100017,EBUS 283,6931.37890625,946.9660034179688
DJ2029-GC20001349,01TMB08S10002AFC27100020,EBUS 283,8417.5458984375,946.9660034179688
DJ2029-GC20001350,01TMB08S10002AFC27100025,EBUS 283,8359.7333984375,946.968017578125
DJ2029-GC30001353,01TMB08S10002AFC37100005,EBUS 283,10952.4921875,946.9620361328125
DJ2029-GC30001354,01TMB08S10002AFC37100010,EBUS 283,7561.478515625,946.9639892578125
DJ2029-GC30001354,01TMB08S10002AFC37100012,EBUS 283,11084.7470703125,946.9639892578125
DJ2029-GC30001354,01TMB08S10002AFC37100015,EBUS 283,7672.31787109375,946.9639892578125
DJ2029-GC30001355,01TMB08S10002AFC37100023,EBUS 283,7815.7626953125,946.968017578125
DJ2029-GC30001356,01TMB08S10002AFC37100031,EBUS 283,9678.4609375,946.9639892578125
DJ2029-GC40001357,01TMB08S10002AFC37100037,EBUS 283,7082.345703125,946.969970703125
DJ2029-GC40001358,01TMB08S10002AFC47100001,EBUS 283,7648.57080078125,946.9639892578125
DJ2029-GC40001358,01TMB08S10002AFC47100004,EBUS 283,8908.4287109375,946.9639892578125
DJ2029-GC40001358,01TMB08S10002AFC47100006,EBUS 283,7816.04248046875,946.9639892578125
DJ2029-GC40001358,01TMB08S10002AFC47100008,EBUS 283,8293.4033203125,946.9639892578125
DJ2029-GC40001359,01TMB08S10002AFC47100010,EBUS 283,10160.578125,946.969970703125
DJ2029-GC40001359,01TMB08S10002AFC47100012,EBUS 283,8096.15625,946.9660034179688
DJ2029-GC40001359,01TMB08S10002AFC47100015,EBUS 283,9129.2060546875,946.9660034179688
DJ2029-GC40001361,01TMB08S10002AFC47100032,EBUS 283,8152.04150390625,946.9660034179688
DJ2029-GC40001362,01TMB08S10002AFC47100037,EBUS 283,8179.8916015625,946.9639892578125
DJ2029-GC40001362,01TMB08S10002AFC47100039,EBUS 283,8189.775390625,946.9660034179688
DJ2029-GC50001363,01TMB08S10002AFC47100047,EBUS 283,8111.66552734375,946.968017578125
DJ2029-GC50001364,01TMB08S10002AFC47100051,EBUS 283,10112.431640625,946.968017578125
DJ2029-GC50001364,01TMB08S10002AFC47100052,EBUS 283,8126.4296875,946.9639892578125
DJ2029-GC50001364,01TMB08S10002AFC47100055,EBUS 283,8004.9599609375,946.9639892578125
DJ2029-GC50001364,01TMB08S10002AFC47100054,EBUS 283,8582.841796875,946.9639892578125
DJ2029-GC50001365,01TMB08S10002AFC57100001,EBUS 283,9067.228515625,946.969970703125
DJ2029-GC50001365,01TMB08S10002AFC57100006,EBUS 283,7789.09375,946.9620361328125
DJ2029-GC50001367,01TMB08S10002AFC57100019,EBUS 283,7924.20849609375,946.969970703125
DJ2029-GC50001367,01TMB08S10002AFC57100022,EBUS 283,0,946.968017578125
DJ2029-GC50001369,01TMB08S10002AFC57100033,EBUS 283,8712.828125,946.968017578125
DJ2029-GC60001370,01TMB08S10002AFC57100050,EBUS 283,10154.7646484375,946.968017578125
DJ2029-GC60001370,01TMB08S10002AFC57100051,EBUS 283,7721.3037109375,946.969970703125
DJ2029-GC60001370,01TMB08S10002AFC57100056,EBUS 283,7467.2060546875,946.968017578125
DJ2029-GC60001371,01TMB08S10002AFC57100058,EBUS 283,8008.50390625,946.9639892578125
DJ2029-GC60001371,01TMB08S10002AFC57100060,EBUS 283,7597.78271484375,946.9620361328125
DJ2029-GC60001372,01TMB08S10002AFC67100001,EBUS 283,7527.1328125,946.9639892578125
DJ2029-GC60001372,01TMB08S10002AFC67100006,EBUS 283,7708.3427734375,946.9639892578125
DJ2029-GC60001372,01TMB08S10002AFC67100007,EBUS 283,7594.02197265625,946.9639892578125
DJ2029-GC60001373,01TMB08S10002AFC67100009,EBUS 283,7323.48193359375,946.9639892578125
DJ2029-GC60001373,01TMB08S10002AFC67100011,EBUS 283,7576.3984375,946.9639892578125
DJ2029-GC60001373,01TMB08S10002AFC67100013,EBUS 283,7394.38037109375,946.9639892578125
DJ2029-GC60001373,01TMB08S10002AFC67100016,EBUS 283,9463.185546875,946.968017578125
DJ2029-GC60001374,01TMB08S10002AFC67100019,EBUS 283,7348.81396484375,946.9639892578125
DJ2029-GC60001374,01TMB08S10002AFC67100021,EBUS 283,7863.84716796875,946.9639892578125
DJ2029-GC60001374,01TMB08S10002AFC67100023,EBUS 283,7645.6494140625,946.968017578125
DJ2029-GC80001377,01TMB08S10002AFC87100001,EBUS 283,8485.2744140625,946.9660034179688
DJ2029-GC80001379,01TMB08S10002AFC87100018,EBUS 283,7916.7490234375,946.968017578125
DJ2029-GC80001380,01TMB08S10002AFC87100026,EBUS 283,8099.0771484375,946.9639892578125
DJ2029-GC80001380,01TMB08S10002AFC87100030,EBUS 283,6918.9150390625,946.969970703125
DJ2029-GC80001380,01TMB08S10002AFC87100032,EBUS 283,8963.6005859375,946.9620361328125
DJ2029-GC90001381,01TMB08S10002AFC87100033,EBUS 283,7380.486328125,946.9660034179688
DJ2029-GC90001381,01TMB08S10002AFC87100036,EBUS 283,7348.40966796875,946.9660034179688
DJ2029-GC90001382,01TMB08S10002AFC87100043,EBUS 283,10131.2978515625,946.9639892578125
DJ2029-GC90001384,01TMB08S10002AFC97100010,EBUS 283,9067.9736328125,946.969970703125
DJ2029-GC90001384,01TMB08S10002AFC97100012,EBUS 283,8962.7607421875,946.9639892578125
DJ2029-GC90001386,01TMB08S10002AFC97100025,EBUS 283,8731.5400390625,946.9639892578125
DJ2029-GC90001386,01TMB08S10002AFC97100031,EBUS 283,9732.2021484375,946.968017578125
DJ2029-GCA0001387,01TMB08S10002AFC97100033,EBUS 283,7915.537109375,946.9639892578125
DJ2029-GCA0001387,01TMB08S10002AFC97100035,EBUS 283,8199.1943359375,946.9660034179688
DJ2029-GCA0001387,01TMB08S10002AFC97100037,EBUS 283,10920.2275390625,946.968017578125
DJ2029-GCA0001387,01TMB08S10002AFC97100039,EBUS 283,10628.6142578125,946.968017578125
DJ2029-GCA0001388,01TMB08S10002AFC97100041,EBUS 283,9000,946.96
DJ2029-GCB0001390,01TMB08S10002AFCA7100009,EBUS 283,7628.58544921875,946.969970703125
DJ2029-GCB0001390,01TMB08S10002AFCA7100011,EBUS 283,7844.04736328125,946.9639892578125
DJ2029-GCB0001390,01TMB08S10002AFCA7100013,EBUS 283,7826.85888671875,946.9639892578125
DJ2029-GCB0001390,01TMB08S10002AFCA7100016,EBUS 283,7327.77099609375,946.968017578125
DJ2029-GCB0001391,01TMB08S10002AFCA7100024,EBUS 283,8413.4130859375,946.9660034179688
DJ2029-GCB0001392,01TMB08S10002AFCA7100026,EBUS 283,10449.9228515625,946.968017578125
DJ2029-GCB0001394,01TMB08S10002AFCB7100012,EBUS 283,7900.6796875,946.9639892578125
DJ2029-GCB0001394,01TMB08S10002AFCB7100015,EBUS 283,7383.875,946.968017578125
DJ2029-GCC0001395,01TMB08S10002AFCB7100018,EBUS 283,7595.91748046875,946.9639892578125
DJ2029-GCC0001395,01TMB08S10002AFCB7100023,EBUS 283,8134.69775390625,946.9639892578125
DJ2029-GCC0001395,01TMB08S10002AFCB7100024,EBUS 283,7059.28271484375,946.9639892578125
DJ2029-GCC0001396,01TMB08S10002AFCB7100029,EBUS 283,8204.8818359375,946.9660034179688
DJ2029-GCC0001397,01TMB08S10002AFCB7100033,EBUS 283,7533.90869140625,946.9639892578125
DJ2029-GCC0001397,01TMB08S10002AFCB7100035,EBUS 283,7636.138671875,946.9639892578125
DJ2029-GCC0001398,01TMB08S10002AFCC7100005,EBUS 283,8485.2744140625,946.9660034179688
DJ2029-GCC0001398,01TMB08S10002AFCC7100008,EBUS 283,9080.0029296875,946.9660034179688
DJ2029-GCC0001400,01TMB08S10002AFCC7100017,EBUS 283,10653.791015625,946.9660034179688
DJ2029-GCC0001401,01TMB08S10002AFCC7100025,EBUS 283,9646.7880859375,946.9660034179688
DJ2029-GCC0001401,01TMB08S10002AFCC7100027,EBUS 283,10109.541015625,946.969970703125
DJ2029-GCD0001403,01TMB08S10002AFCC7100047,EBUS 283,9587.6689453125,946.968017578125
DJ2029-GCD0001404,01TMB08S10002AFCD7100002,EBUS 283,9140.8310546875,946.968017578125
DJ2029-GCD0001407,01TMB08S10002AFCD7100026,EBUS 283,8485.2744140625,946.9620361328125
DJ2029-GCD0001407,01TMB08S10002AFCD7100027,EBUS 283,7596.38427734375,946.968017578125
DJ2029-GCD0001407,01TMB08S10002AFCD7100028,EBUS 283,8185.61083984375,946.968017578125
DJ2029-GCD0001407,01TMB08S10002AFCD7100029,EBUS 283,8173.6748046875,946.9660034179688
DJ2029-GCD0001407,01TMB08S10002AFCD7100031,EBUS 283,7854.89501953125,946.9620361328125
DJ2029-GCE0001408,01TMB08S10002AFCD7100038,EBUS 283,10748.623046875,946.9660034179688
DJ2029-GCE0001409,01TMB08S10002AFCD7100042,EBUS 283,9609.333984375,946.968017578125
DJ2029-GCE0001409,01TMB08S10002AFCD7100045,EBUS 283,8947.375,946.9620361328125
DJ2029-GCE0001411,01TMB08S10002AFCE7100011,EBUS 283,9220.3701171875,946.9639892578125
DJ2029-GCE0001411,01TMB08S10002AFCE7100012,EBUS 283,9177.7255859375,946.968017578125
DJ2029-GCE0001414,01TMB08S10002AFCE7100034,EBUS 283,8709.12890625,946.9639892578125
DJ2029-GCE0001414,01TMB08S10002AFCE7100033,EBUS 283,13307.7509765625,946.9660034179688
DJ2029-GCE0001414,01TMB08S10002AFCE7100037,EBUS 283,10176.4296875,946.9660034179688
DJ2029-GCE0001414,01TMB08S10002AFCE7100040,EBUS 283,8420.873046875,946.9660034179688
DJ2029-GCF0001415,01TMB08S10002AFCE7100044,EBUS 283,9279.4267578125,946.969970703125
DJ2029-GCF0001415,01TMB08S10002AFCE7100046,EBUS 283,10543.44921875,946.9620361328125
DJ2029-GCF0001415,01TMB08S10002AFCE7100047,EBUS 283,8222.78515625,946.9639892578125
DJ2029-GCF0001416,01TMB08S10002AFCE7100049,EBUS 283,8725.447265625,946.968017578125
DJ2029-GCF0001416,01TMB08S10002AFCE7100054,EBUS 283,7593.369140625,946.9639892578125
DJ2029-GCF0001418,01TMB08S10002AFCF7100011,EBUS 283,10267.4072265625,946.9660034179688
DJ2029-GCF0001418,01TMB08S10002AFCF7100014,EBUS 283,8822.921875,946.9660034179688
DJ2029-GCF0001419,01TMB08S10002AFCF7100022,EBUS 283,8485.2744140625,946.9639892578125
DJ2029-GCG0001422,01TMB08S10002AFCG7100011,EBUS 283,9353.52734375,946.9639892578125
DJ2029-GCG0001422,01TMB08S10002AFCG7100013,EBUS 283,10947.8603515625,946.9639892578125
DJ2029-GCG0001422,01TMB08S10002AFCG7100015,EBUS 283,9671.591796875,946.9660034179688
DJ2029-GCG0001423,01TMB08S10002AFCG7100018,EBUS 283,8933.54296875,946.9620361328125
DJ2029-GCG0001423,01TMB08S10002AFCG7100020,EBUS 283,9765.615234375,946.968017578125
DJ2029-GCG0001423,01TMB08S10002AFCG7100023,EBUS 283,8612.3701171875,946.968017578125
DJ2029-GCG0001424,01TMB08S10002AFCG7100028,EBUS 283,10821.9775390625,946.969970703125
DJ2029-GCG0001424,01TMB08S10002AFCG7100030,EBUS 283,9531.53515625,946.9639892578125
DJ2029-GCH0001425,01TMB08S10002AFCG7100033,EBUS 283,10896.1083984375,946.9639892578125
DJ2029-GCH0001426,01TMB08S10002AFCH7100004,EBUS 283,8812.4462890625,946.968017578125
DJ2029-GCH0001428,01TMB08S10002AFCH7100017,EBUS 283,8686.75,946.968017578125
DJ2029-GCH0001428,01TMB08S10002AFCH7100020,EBUS 283,12446.025390625,946.9660034179688
DJ2029-GCH0001428,01TMB08S10002AFCH7100019,EBUS 283,8636.2099609375,946.968017578125
DJ2029-GCH0001428,01TMB08S10002AFCH7100022,EBUS 283,10793.6611328125,946.9660034179688
DJ2029-GCH0001429,01TMB08S10002AFCH7100025,EBUS 283,10191.7216796875,946.9639892578125
DJ2029-GCH0001429,01TMB08S10002AFCH7100027,EBUS 283,11878.0908203125,946.9660034179688
DJ2029-GCH0001429,01TMB08S10002AFCH7100029,EBUS 283,12095.6669921875,946.9639892578125
DJ2029-GCH0001429,01TMB08S10002AFCH7100032,EBUS 283,11837.1865234375,946.9660034179688
DJ2029-GCH0001430,01TMB08S10002AFCH7100034,EBUS 283,10984.2275390625,946.9660034179688
DJ2029-GCH0001430,01TMB08S10002AFCH7100036,EBUS 283,10248.7265625,946.9620361328125
DJ2029-GCH0001430,01TMB08S10002AFCH7100039,EBUS 283,9507.291015625,946.9660034179688
DJ2029-GCH0001431,01TMB08S10002AFCH7100042,EBUS 283,8283.0537109375,946.9660034179688
DJ2029-GCH0001431,01TMB08S10002AFCH7100047,EBUS 283,8122.94873046875,946.9660034179688
DJ2029-GCH0001431,01TMB08S10002AFCH7100048,EBUS 283,8694.9873046875,946.9660034179688
DJ2029-GCH0001432,01TMB08S10002AFCH7100049,EBUS 283,9897.466796875,946.9660034179688
DJ2029-GCH0001432,01TMB08S10002AFCH7100054,EBUS 283,7683.56982421875,946.9639892578125
DJ2029-GCJ0001433,01TMB08S10002AFCH7100059,EBUS 283,9512.294921875,946.9639892578125
DJ2029-GCJ0001435,01TMB08S10002AFCJ7100013,EBUS 283,7140.97705078125,946.9660034179688
DJ2029-GCJ0001436,01TMB08S10002AFCJ7100021,EBUS 283,6645.18408203125,946.9660034179688
DJ2029-GCJ0001436,01TMB08S10002AFCJ7100023,EBUS 283,6729.23046875,946.968017578125
DJ2029-GCJ0001437,01TMB08S10002AFCJ7100025,EBUS 283,9792.138671875,946.9620361328125
DJ2029-GCJ0001437,01TMB08S10002AFCJ7100028,EBUS 283,6939.15966796875,946.9660034179688
DJ2029-GCJ0001437,01TMB08S10002AFCJ7100029,EBUS 283,6044.30126953125,946.9660034179688
DJ2029-GCJ0001437,01TMB08S10002AFCJ7100032,EBUS 283,7174.017578125,946.9660034179688
DJ2029-GCJ0001438,01TMB08S10002AFCJ7100033,EBUS 283,8574.025390625,946.9620361328125
DJ2029-GCJ0001438,01TMB08S10002AFCJ7100034,EBUS 283,8324.310546875,946.9660034179688
DJ2029-GCJ0001439,01TMB08S10002AFCJ7100041,EBUS 283,8388.5576171875,946.9660034179688
DJ2029-GCJ0001439,01TMB08S10002AFCJ7100043,EBUS 283,7467.6826171875,946.969970703125
DJ2029-GCJ0001439,01TMB08S10002AFCJ7100046,EBUS 283,7885.70849609375,946.9620361328125
DJ2029-GCJ0001440,01TMB08S10002AFCJ7100054,EBUS 283,11124.48046875,946.9660034179688
DJ2029-GCK0001441,01TMB08S10002AFCJ7100060,EBUS 283,7732.53466796875,946.968017578125
DJ2029-GCK0001441,01TMB08S10002AFCJ7100062,EBUS 283,8920.375,946.9639892578125
DJ2029-GCK0001442,01TMB08S10002AFCJ7100066,EBUS 283,7583.9306640625,946.969970703125
DJ2029-GCK0001445,01TMB08S10002AFCK7100021,EBUS 283,9214.3505859375,946.9639892578125
DJ2029-GCK0001446,01TMB08S10002AFCK7100025,EBUS 283,10392.4619140625,946.968017578125
DJ2029-GCK0001446,01TMB08S10002AFCK7100027,EBUS 283,7634.59423828125,946.9660034179688
DJ2029-GCK0001446,01TMB08S10002AFCK7100029,EBUS 283,8503.8095703125,946.9660034179688
DJ2029-GCK0001446,01TMB08S10002AFCK7100032,EBUS 283,7705.7109375,946.9660034179688
DJ2029-GCK0001447,01TMB08S10002AFCK7100036,EBUS 283,6615.3759765625,946.9639892578125
DJ2029-GCK0001447,01TMB08S10002AFCK7100039,EBUS 283,8396.4521484375,946.9639892578125
DJ2029-GCK0001448,01TMB08S10002AFCK7100046,EBUS 283,8810.93359375,946.9660034179688
DJ2029-GCK0001449,01TMB08S10002AFCK7100050,EBUS 283,9368.74,946.9
DJ2029-GCL0001451,01TMB08S10002AFCK7100066,EBUS 283,8781.748046875,946.9639892578125
DJ2029-GCL0001451,01TMB08S10002AFCK7100067,EBUS 283,9380.2685546875,946.9660034179688
DJ2029-GCL0001451,01TMB08S10002AFCK7100068,EBUS 283,8933.802734375,946.9660034179688
DJ2029-GCL0001451,01TMB08S10002AFCK7100070,EBUS 283,7079.46533203125,946.9660034179688
DJ2029-GCL0001452,01TMB08S10002AFCK7100075,EBUS 283,8101.7607421875,946.9639892578125
DJ2029-GCL0001452,01TMB08S10002AFCK7100079,EBUS 283,4551.23388671875,946.968017578125
DJ2029-GCL0001453,01TMB08S10002AFCL7100002,EBUS 283,7722.5263671875,946.9660034179688
DJ2029-GCL0001453,01TMB08S10002AFCL7100005,EBUS 283,8689.37109375,946.9660034179688
DJ2029-GCL0001455,01TMB08S10002AFCL7100017,EBUS 283,8382.0927734375,946.9639892578125
DJ2029-GCL0001455,01TMB08S10002AFCL7100019,EBUS 283,7962.94775390625,946.9639892578125
DJ2029-GCL0001455,01TMB08S10002AFCL7100024,EBUS 283,8537.162109375,946.9660034179688
DJ2029-GCL0001455,01TMB08S10002AFCL7100022,EBUS 283,9997.2822265625,946.968017578125
DJ2029-GCL0001456,01TMB08S10002AFCL7100028,EBUS 283,7584.36572265625,946.968017578125
DJ2029-GCL0001456,01TMB08S10002AFCL7100031,EBUS 283,10106.2568359375,946.9639892578125
DJ2029-GCL0001456,01TMB08S10002AFCL7100032,EBUS 283,9433.3876953125,946.9639892578125
DJ2029-GCL0001457,01TMB08S10002AFCL7100035,EBUS 283,10091.0263671875,946.9620361328125
DJ2029-GCL0001457,01TMB08S10002AFCL7100037,EBUS 283,8233.45703125,946.9639892578125
DJ2029-GCL0001457,01TMB08S10002AFCL7100038,EBUS 283,9833.6650390625,946.9599609375
DJ2029-GCL0001458,01TMB08S10002AFCL7100043,EBUS 283,8000,946.9
DJ2029-GCL0001458,01TMB08S10002AFCL7100045,EBUS 283,8354.0869140625,946.968017578125
DJ2029-GCL0001458,01TMB08S10002AFCL7100048,EBUS 283,6454.3701171875,946.968017578125
DJ2029-GCL0001459,01TMB08S10002AFCL7100054,EBUS 283,8807.763671875,946.968017578125
DJ2029-GCM0001460,01TMB08S10002AFCL7100064,EBUS 283,7831.56298828125,946.968017578125
DJ2029-GCM0001462,01TMB08S10002AFCM7100001,EBUS 283,8485.2744140625,946.9639892578125
DJ2029-GCM0001462,01TMB08S10002AFCM7100004,EBUS 283,8373.9482421875,946.9639892578125
DJ2029-GCM0001463,01TMB08S10002AFCM7100015,EBUS 283,8239.1142578125,946.9660034179688
DJ2029-GCM0001464,01TMB08S10002AFCM7100017,EBUS 283,7311.21484375,946.9639892578125
DJ2029-GCM0001465,01TMB08S10002AFCM7100027,EBUS 283,7212.373046875,946.9660034179688
DJ2029-GCM0001465,01TMB08S10002AFCM7100029,EBUS 283,11088.9228515625,946.9639892578125
DJ2029-GCM0001465,01TMB08S10002AFCM7100031,EBUS 283,11052.21484375,946.9639892578125
DJ2029-GCM0001466,01TMB08S10002AFCM7100033,EBUS 283,10810.5185546875,946.9639892578125
DJ2029-GCM0001466,01TMB08S10002AFCM7100035,EBUS 283,11762.7236328125,946.9639892578125
DJ2029-GCM0001466,01TMB08S10002AFCM7100040,EBUS 283,7846.2958984375,946.968017578125
DJ2029-GCM0001467,01TMB08S10002AFCM7100041,EBUS 283,8259.939453125,946.9660034179688
DJ2029-GCM0001467,01TMB08S10002AFCM7100045,EBUS 283,7437.22216796875,946.968017578125
DJ2029-GCN0001468,01TMB08S10002AFCM7100049,EBUS 283,6771.78173828125,946.9660034179688
DJ2029-GCN0001468,01TMB08S10002AFCM7100051,EBUS 283,7494.0712890625,946.968017578125
DJ2029-GCN0001468,01TMB08S10002AFCM7100056,EBUS 283,8611.5419921875,946.968017578125
DJ2029-GCN0001469,01TMB08S10002AFCM7100059,EBUS 283,9777.4052734375,946.9639892578125
DJ2029-GCN0001469,01TMB08S10002AFCM7100064,EBUS 283,7697.9091796875,946.969970703125
DJ2029-GCN0001470,01TMB08S10002AFCN7100002,EBUS 283,8808.2607421875,946.9660034179688
DJ2029-GCN0001470,01TMB08S10002AFCN7100006,EBUS 283,10369.7099609375,946.968017578125
DJ2029-GCN0001470,01TMB08S10002AFCN7100008,EBUS 283,7501.220703125,946.968017578125
DJ2029-GCN0001470,01TMB08S10002AFCN7100005,EBUS 283,8787.560546875,946.9660034179688
DJ2029-GCN0001471,01TMB08S10002AFCN7100010,EBUS 283,8790.7001953125,946.968017578125
DJ2029-GCN0001471,01TMB08S10002AFCN7100012,EBUS 283,7728.05859375,946.968017578125
DJ2029-GCN0001471,01TMB08S10002AFCN7100014,EBUS 283,8816.83984375,946.9660034179688
DJ2029-GCN0001472,01TMB08S10002AFCN7100017,EBUS 283,6493.87548828125,946.9660034179688
DJ2029-GCN0001472,01TMB08S10002AFCN7100020,EBUS 283,6073.86083984375,946.968017578125
DJ2029-GCN0001472,01TMB08S10002AFCN7100022,EBUS 283,10900.439453125,946.9639892578125
DJ2029-GCN0001472,01TMB08S10002AFCN7100024,EBUS 283,8950.6796875,946.9639892578125
DJ2029-GCN0001473,01TMB08S10002AFCN7100026,EBUS 283,9551.779296875,946.9639892578125
DJ2029-GCN0001474,01TMB08S10002AFCN7100035,EBUS 283,8904.802734375,946.9660034179688
DJ2029-GCN0001474,01TMB08S10002AFCN7100039,EBUS 283,8504,946.97
DJ2029-GCN0001475,01TMB08S10002AFCN7100041,EBUS 283,9430.4033203125,946.9639892578125
DJ2029-GCN0001475,01TMB08S10002AFCN7100043,EBUS 283,9104.1328125,946.968017578125
DJ2029-GCN0001475,01TMB08S10002AFCN7100047,EBUS 283,8194.572265625,946.9660034179688
DJ2029-GCN0001476,01TMB08S10002AFCN7100054,EBUS 283,9605.1171875,946.9660034179688
DJ2029-GCN0001476,01TMB08S10002AFCN7100056,EBUS 283,8251.6083984375,946.968017578125
DJ2029-GCP0001479,01TMB08S10002AFCN7100077,EBUS 283,8291.8603515625,946.9660034179688
DJ2029-GCP0001480,01TMB08S10002AFCP7100001,EBUS 283,8124.2333984375,946.968017578125
DJ2029-GCP0001480,01TMB08S10002AFCP7100004,EBUS 283,8425.91796875,946.9660034179688
DJ2029-GCP0001480,01TMB08S10002AFCP7100006,EBUS 283,9980.2490234375,946.9660034179688
DJ2029-GCP0001481,01TMB08S10002AFCP7100011,EBUS 283,8203.9287109375,946.9639892578125
DJ2029-GCP0001481,01TMB08S10002AFCP7100013,EBUS 283,9911.1533203125,946.9639892578125
DJ2029-GCP0001481,01TMB08S10002AFCP7100014,EBUS 283,7987.22314453125,946.9639892578125
DJ2029-GCP0001482,01TMB08S10002AFCP7100022,EBUS 283,7595.89697265625,946.9660034179688
DJ2029-GCP0001483,01TMB08S10002AFCP7100027,EBUS 283,10340.150390625,946.9660034179688
DJ2029-GCP0001483,01TMB08S10002AFCP7100030,EBUS 283,11353.556640625,946.968017578125
DJ2029-GCP0001483,01TMB08S10002AFCP7100032,EBUS 283,9950.8759765625,946.9660034179688
DJ2029-GCP0001484,01TMB08S10002AFCP7100034,EBUS 283,10921.76171875,946.9639892578125
DJ2029-GCP0001484,01TMB08S10002AFCP7100036,EBUS 283,9105.283203125,946.969970703125
DJ2029-GCP0001485,01TMB08S10002AFCP7100041,EBUS 283,10737.81640625,949.5479736328125
DJ2029-GCP0001485,01TMB08S10002AFCP7100044,EBUS 283,9910.65625,946.9660034179688
DJ2029-GCR0001486,01TMB08S10002AFCP7100050,EBUS 283,8655.677734375,946.968017578125
DJ2029-GCR0001486,01TMB08S10002AFCP7100056,EBUS 283,8245.1748046875,946.9639892578125
DJ2029-GCR0001488,01TMB08S10002AFCR7100001,EBUS 283,10148.125,946.968017578125
DJ2029-GCR0001488,01TMB08S10002AFCR7100003,EBUS 283,9106.0595703125,946.9660034179688
DJ2029-GCR0001488,01TMB08S10002AFCR7100005,EBUS 283,9800.4375,946.969970703125
DJ2029-GCR0001488,01TMB08S10002AFCR7100007,EBUS 283,8577.568359375,946.9660034179688
DJ2029-GCR0001489,01TMB08S10002AFCR7100010,EBUS 283,7311.99169921875,946.9639892578125
DJ2029-GCR0001489,01TMB08S10002AFCR7100014,EBUS 283,11307.244140625,946.9660034179688
DJ2029-GCR0001489,01TMB08S10002AFCR7100016,EBUS 283,9076.966796875,946.9660034179688
DJ2029-GCR0001490,01TMB08S10002AFCR7100024,EBUS 283,8057.06494140625,946.968017578125
DJ2029-GCR0001491,01TMB08S10002AFCR7100025,EBUS 283,9560.638671875,946.9639892578125
DJ2029-GCR0001491,01TMB08S10002AFCR7100028,EBUS 283,8758.0322265625,946.9639892578125
DJ2029-GCR0001492,01TMB08S10002AFCR7100038,EBUS 283,8630.470703125,946.9639892578125
DJ2029-GCR0001492,01TMB08S10002AFCR7100040,EBUS 283,7217.6572265625,946.9660034179688
DJ2029-GCT0001497,01TMB08S10002AFCS7100031,EBUS 283,8485.2744140625,946.9639892578125
DJ2029-GCT0001497,01TMB08S10002AFCS7100032,EBUS 283,11848.2314453125,946.9660034179688
DJ2029-GCT0001500,01TMB08S10002AFCT7100019,EBUS 283,10696.880859375,946.968017578125
DJ2029-GCT0001500,01TMB08S10002AFCT7100021,EBUS 283,9766.0927734375,946.969970703125
DJ2029-GCT0001500,01TMB08S10002AFCT7100024,EBUS 283,8959.4453125,946.968017578125
DJ2029-GCT0001501,01TMB08S10002AFCT7100028,EBUS 283,10822.267578125,946.9639892578125
DJ2029-GCT0001501,01TMB08S10002AFCT7100030,EBUS 283,8890.970703125,946.9660034179688
DJ2029-GCT0001501,01TMB08S10002AFCT7100032,EBUS 283,8840.369140625,946.9660034179688
DJ2029-GCT0001502,01TMB08S10002AFCT7100035,EBUS 283,8231.0322265625,946.9660034179688
DJ2029-GCT0001502,01TMB08S10002AFCT7100036,EBUS 283,9564.6474609375,946.9660034179688
DJ2029-GCT0001502,01TMB08S10002AFCT7100037,EBUS 283,9517.5576171875,946.968017578125
DJ2029-GCV0001505,01TMB08S10002AFCV7100007,EBUS 283,12274.369140625,946.9639892578125
DJ2029-GCV0001505,01TMB08S10002AFCV7100008,EBUS 283,12598.4013671875,946.9660034179688
DJ2029-GCV0001506,01TMB08S10002AFCV7100010,EBUS 283,12036.154296875,946.9660034179688
DJ2029-GCV0001506,01TMB08S10002AFCV7100011,EBUS 283,12153.76953125,946.9639892578125
DJ2029-GCV0001506,01TMB08S10002AFCV7100015,EBUS 283,9207.8544921875,946.9639892578125
DJ2029-GCV0001508,01TMB08S10002AFCV7100018,EBUS 283,9616.05859375,946.968017578125
DJ2029-GCV0001508,01TMB08S10002AFCV7100020,EBUS 283,9364.7265625,946.968017578125
DJ2029-GCV0001508,01TMB08S10002AFCV7100022,EBUS 283,8591.990234375,946.968017578125
DJ2029-GCV0001508,01TMB08S10002AFCV7100023,EBUS 283,8307.77,946.9
DJ2029-GCV001507,01TMB08S10002AFCV7101012,EBUS 283,7253.1220703125,946.968017578125
DJ2029-GCW0001512,01TMB08S10002AFCW7100011,EBUS 283,9571.548828125,946.9639892578125
DJ2029-GCW0001512,01TMB08S10002AFCW7100014,EBUS 283,9939.9658203125,946.968017578125
DJ2029-GCW0001512,01TMB08S10002AFCW7100016,EBUS 283,8299.7548828125,946.9660034179688
DJ2029-GCW0001513,01TMB08S10002AFCW7100019,EBUS 283,8485.2744140625,946.9660034179688
DJ2029-GCW0001513,01TMB08S10002AFCW7100021,EBUS 283,9590.384765625,946.9660034179688
DJ2029-GCW0001513,01TMB08S10002AFCW7100023,EBUS 283,8463.7451171875,946.968017578125
DJ2029-GCW0001514,01TMB08S10002AFCW7100035,EBUS 283,8074.96826171875,946.9660034179688
DJ2029-GCX0001517,01TMB08S10002AFCX7100005,EBUS 283,8747.0908203125,946.9660034179688
DJ2029-GCX0001517,01TMB08S10002AFCX7100008,EBUS 283,8693.75390625,946.9660034179688
DJ2029-GCX0001518,01TMB08S10002AFCX7100010,EBUS 283,7654.85986328125,946.9660034179688
